"category","hour","fraud_rate","transaction_count"
"grocery_pos","22",0.44370860927152317,"302"
"grocery_pos","23",0.4323529411764706,"340"
"misc_net","23",0.2629815745393635,"1194"
"misc_net","22",0.2361344537815126,"1190"
"shopping_net","22",0.13315629742033383,"5272"
"shopping_net","23",0.11053440984236831,"5202"
"grocery_pos","13",0.03977272727272727,"176"
"grocery_pos","16",0.03723404255319149,"188"
"grocery_pos","18",0.03626943005181347,"193"
"grocery_pos","15",0.0335195530726257,"179"
