"age_group","fraud_rate","transaction_count"
"20-29",0.006445465251121439,"111241"
"30-39",0.004996137007468452,"271810"
"40-49",0.004204548267436145,"282789"
"50-59",0.005498357732375153,"262442"
"60+",0.007597864237376932,"368393"
