"day_of_week","fraud_rate","transaction_count"
"0",0.004852761005511236,"250579"
"1",0.004648382504463549,"254282"
"2",0.0058354709256242705,"160227"
"3",0.006553599902344495,"131073"
"4",0.006843874121600977,"147285"
"5",0.007086003992854892,"152272"
"6",0.006105783824400245,"200957"
