"cc_num","transaction_count","average_amount","fraud_rate"
"4806443445305","5",1015.132,1
"30030380240193","5",949.174,1
"60427851591","5",998.3220000000001,1
"4593569795412","5",1028.1200000000001,1
"565399283797","5",947.992,1
"676148621961","5",1002.994,1
"676327197445","5",1003.622,1
"577891228931","5",1026.028,1
"581293083266","5",1086.2440000000001,1
"30427035050508","5",983.9799999999999,1
