"merchant","fraud_rate","transaction_count"
"fraud_Kozey-Boehm",0.02572347266881029,"1866"
"fraud_Kerluke-Abshire",0.022306855277475515,"1838"
"fraud_Terry-Huel",0.02154308617234469,"1996"
"fraud_Price Inc",0.019162884518406455,"1983"
"fraud_Cormier LLC",0.013154288846259249,"3649"
