"category","fraud_rate","transaction_count"
"shopping_net",0.015451948959253704,"97334"
"misc_net",0.012695096083831956,"63174"
"grocery_pos",0.012596192790603483,"123450"
