"cc_num","min_amount","max_amount","avg_amount"
"501818133297",7.9,1084.02,618.3175
"501894933032",7.42,1031.8,534.5357142857143
"503886119844",21.86,1108.11,702.181111111111
"577891228931",9.91,1140.72,732.4783333333334
"676179782773",274.22,1017.68,749.7754545454546
"676327197445",9.98,1091.61,774.7437500000001
"4457486401506",8.75,1100.75,626.321
"4629125581019",11.29,1197.23,709.3258333333333
"4748866581408",6.8,1002.39,713.184
"4844243189971",7.72,1145.9,585.8010000000002
