"day_of_week","fraud_rate","transaction_count"
"5",0.1499617444529457,"1307"
"4",0.14733276883996613,"1181"
"3",0.13339640491958374,"1057"
"2",0.12219644238205724,"1293"
"6",0.12185929648241206,"1592"
"1",0.104,"2000"
"0",0.10078277886497064,"2044"
