"cc_num","avg_amount","fraud_rate","transaction_count"
"501894933032",534.5357142857143,1,"7"
"503886119844",702.181111111111,1,"9"
"577891228931",732.4783333333334,1,"12"
"676179782773",749.7754545454546,1,"11"
"676327197445",774.7437499999999,1,"8"
"4076173495454",650.6066666666667,1,"12"
"4457486401506",626.321,1,"10"
"4629125581019",709.3258333333333,1,"12"
"4748866581408",713.184,1,"10"
"501818133297",618.3175,1,"8"
