"state","fraud_rate","transaction_count"
"DE",1,"9"
"RI",0.02727272727272727,"550"
"AK",0.016981132075471698,"2120"
"NV",0.008382379168896023,"5607"
"CO",0.00814121037463977,"13880"
"OR",0.008012044953487122,"18597"
"TN",0.007975390224450268,"17554"
"NE",0.007447864945382324,"24168"
"ME",0.007209936382914268,"16505"
"NH",0.00712732544092776,"8278"
