"day_of_week","fraud_rate","transaction_count"
"5",0.8596491228070176,"228"
"4",0.8365384615384616,"208"
"3",0.834319526627219,"169"
"6",0.825531914893617,"235"
"2",0.8102564102564103,"195"
"0",0.7803030303030303,"264"
"1",0.7619047619047619,"273"
