"amount_bin","fraud_rate","transaction_count"
"<10",0.001563812485478884,"335718"
"10-50",0.0032154914174314106,"336496"
"100-500",0.010058545660143355,"219316"
"50-100",0.00011552858177113018,"389514"
"500+",0.2333823811656324,"15631"
