"age_group","fraud_rate","transaction_count"
"60+",0.0541060519121072,"29627"
"50-59",0.028223195581793942,"26255"
"20-29",0.02215083985812755,"14943"
"30-39",0.019756838905775075,"30926"
"40-49",0.016978506262563784,"32335"
